{"stats":{"minecraft:used":{"minecraft:azalea":1,"minecraft:moss_block":4,"minecraft:spruce_planks":13,"minecraft:decorated_pot":3,"minecraft:shield":2,"minecraft:torch":13,"minecraft:dirt":8,"minecraft:tuff":15,"minecraft:milk_bucket":1,"minecraft:dark_oak_planks":7,"minecraft:wooden_axe":30,"minecraft:iron_axe":84,"minecraft:birch_sapling":3,"minecraft:stone_bricks":1,"minecraft:beef":2,"minecraft:sweet_berries":18,"minecraft:furnace":9,"minecraft:oak_sapling":1,"minecraft:egg":2,"minecraft:cobbled_deepslate":76,"minecraft:cooked_mutton":2,"minecraft:water_bucket":4,"minecraft:stone_pickaxe":136,"minecraft:wooden_pickaxe":17,"minecraft:white_wool":2,"minecraft:crafting_table":11,"minecraft:blast_furnace":5,"minecraft:white_bed":5,"minecraft:wooden_hoe":34,"minecraft:bread":34,"minecraft:iron_pickaxe":400,"minecraft:cobblestone":141,"minecraft:white_banner":1,"minecraft:bucket":5,"minecraft:coarse_dirt":3},"minecraft:mined":{"thermal:deepslate_tin_ore":2,"minecraft:tuff":20,"minecraft:spruce_planks":2,"minecraft:white_bed":5,"thermal:cinnabar_ore":1,"minecraft:deepslate_diamond_ore":7,"minecraft:dark_oak_log":7,"thermal:tin_ore":1,"born_in_chaos_v1:infected_diamond_ore":1,"minecraft:cave_vines_plant":3,"epicsamurai:deepslate_ruby_ore":2,"minecraft:grass_block":2,"minecraft:decorated_pot":4,"thermal:deepslate_nickel_ore":2,"minecraft:spruce_leaves":8,"minecraft:moss_block":13,"minecraft:spawner":1,"minecraft:hay_block":34,"minecraft:furnace":9,"minecraft:cobbled_deepslate":1,"minecraft:iron_ore":49,"minecraft:moss_carpet":1,"evilcraft:dark_ore":2,"minecraft:deepslate_lapis_ore":3,"minecraft:cave_vines":4,"minecraft:dirt_path":2,"minecraft:deepslate_iron_ore":17,"minecraft:azalea":1,"minecraft:stone":177,"minecraft:flowering_azalea":1,"thermal:lead_ore":2,"minecraft:crafting_table":8,"minecraft:clay":3,"minecraft:torch":2,"minecraft:light_gray_terracotta":3,"minecraft:blast_furnace":6,"minecraft:calcite":3,"minecraft:cobblestone":13,"minecraft:tall_grass":3,"thermal:deepslate_lead_ore":1,"minecraft:deepslate_gold_ore":6,"minecraft:lapis_ore":3,"minecraft:diorite":3,"supplementaries:urn":3,"minecraft:coarse_dirt":3,"evilcraft:dark_ore_deepslate":2,"minecraft:birch_log":14,"minecraft:sweet_berry_bush":17,"minecraft:spruce_log":20,"minecraft:birch_leaves":7,"thermal:deepslate_silver_ore":4,"minecraft:grass":13,"thermal:niter_ore":1,"thermal:silver_ore":1,"minecraft:coal_ore":94,"minecraft:gravel":6,"minecraft:dirt":8,"minecraft:stone_bricks":1,"minecraft:gold_ore":5,"thermal:deepslate_sulfur_ore":2,"minecraft:deepslate":69,"thermal:deepslate_cinnabar_ore":3},"minecraft:killed":{"minecraft:spider":2,"born_in_chaos_v1:siamese_skeletonsright":1,"minecraft:skeleton":1,"minecraft:chicken":2,"born_in_chaos_v1:fallen_chaos_knight":1,"minecraft:pig":2,"minecraft:sheep":5,"minecraft:pillager":2,"minecraft:zombie":3,"born_in_chaos_v1:siamese_skeletonsleft":1,"minecraft:cow":5},"minecraft:dropped":{"minecraft:bread":17,"minecraft:wheat_seeds":1,"minecraft:feather":2,"minecraft:glow_berries":1,"minecraft:leather":2,"minecraft:diorite":3,"born_in_chaos_v1:fused_bone":2,"magistuarmory:steel_ingot":25,"minecraft:string":1,"minecraft:bucket":1,"create:raw_zinc":1,"minecraft:gold_ingot":3,"minecraft:bone":2,"minecraft:gravel":8,"minecraft:wheat":108,"minecraft:rotten_flesh":2,"minecraft:iron_chestplate":1,"minecraft:azalea":1,"born_in_chaos_v1:diamond_termite_shard":1,"minecraft:beef":4,"minecraft:wooden_pickaxe":1,"thermal:niter":3,"minecraft:iron_ingot":18},"minecraft:broken":{"minecraft:stone_pickaxe":1,"minecraft:iron_pickaxe":1},"minecraft:crafted":{"minecraft:cooked_chicken":1,"minecraft:furnace":3,"minecraft:cooked_mutton":4,"quark:dark_oak_chest":1,"minecraft:iron_boots":1,"minecraft:iron_axe":1,"magistuarmory:steel_ingot":25,"minecraft:stone_pickaxe":1,"minecraft:dark_oak_planks":28,"minecraft:smoker":2,"sophisticatedbackpacks:iron_backpack":1,"minecraft:wheat":204,"minecraft:cooked_beef":2,"sophisticatedbackpacks:backpack":1,"minecraft:cooked_porkchop":2,"minecraft:crafting_table":5,"minecraft:spruce_planks":80,"minecraft:wooden_pickaxe":1,"minecraft:iron_helmet":1,"sophisticatedbackpacks:gold_backpack":1,"minecraft:bucket":1,"minecraft:birch_planks":24,"minecraft:bread":102,"minecraft:air":0,"minecraft:wooden_hoe":1,"minecraft:shield":1,"minecraft:stick":28,"minecraft:iron_ingot":46,"minecraft:iron_pickaxe":2,"minecraft:wooden_axe":1,"minecraft:iron_leggings":1,"minecraft:gold_ingot":14,"minecraft:white_bed":1,"minecraft:torch":20,"thermal:tin_ingot":1},"minecraft:picked_up":{"born_in_chaos_v1:diamond_termite_shard":1,"minecraft:iron_chestplate":1,"minecraft:crafting_table":7,"minecraft:coarse_dirt":3,"minecraft:wheat":110,"minecraft:chicken":2,"thermal:raw_silver":1,"thermal:cinnabar":6,"minecraft:wooden_pickaxe":1,"minecraft:cobbled_deepslate":29,"minecraft:spruce_planks":2,"minecraft:beef":15,"thermal:niter":3,"minecraft:azalea":2,"minecraft:birch_sapling":3,"minecraft:egg":2,"minecraft:furnace":7,"minecraft:iron_boots":1,"minecraft:stick":5,"minecraft:raw_iron":74,"minecraft:torch":2,"minecraft:porkchop":3,"minecraft:diorite":3,"minecraft:arrow":2,"minecraft:rotten_flesh":2,"minecraft:decorated_pot":3,"minecraft:hay_block":34,"supplementaries:ash":1,"minecraft:glow_berries":1,"minecraft:mutton":10,"minecraft:cobblestone":178,"minecraft:white_wool":5,"born_in_chaos_v1:fused_bone":2,"minecraft:birch_log":14,"minecraft:feather":2,"minecraft:leather":8,"paraglider:spirit_orb":2,"minecraft:tuff":4,"create:raw_zinc":1,"minecraft:lapis_lazuli":41,"minecraft:dirt":12,"minecraft:white_banner":1,"minecraft:bone":2,"minecraft:stone_bricks":1,"minecraft:wheat_seeds":1,"minecraft:raw_gold":9,"minecraft:iron_ingot":18,"epicsamurai:iron_samurai_chestplate_master":1,"minecraft:moss_block":6,"epicsamurai:iron_samurai_boots_master":1,"thermal:raw_tin":3,"epicsamurai:katana":1,"minecraft:milk_bucket":1,"minecraft:cooked_porkchop":1,"epicsamurai:iron_samurai_leggings_master":1,"minecraft:sweet_berries":41,"minecraft:gravel":8,"minecraft:blast_furnace":4,"minecraft:white_bed":5,"minecraft:spruce_log":20,"minecraft:dark_oak_log":7,"epicsamurai:iron_samurai_helmet_master":1,"evilcraft:dark_gem":8,"minecraft:oak_sapling":1,"minecraft:coal":187},"minecraft:custom":{"minecraft:mob_kills":25,"minecraft:interact_with_crafting_table":27,"minecraft:open_barrel":2,"minecraft:leave_game":2,"minecraft:time_since_death":123763,"minecraft:climb_one_cm":1664,"minecraft:sprint_one_cm":302831,"minecraft:walk_one_cm":146345,"minecraft:damage_blocked_by_shield":460,"minecraft:drop":37,"minecraft:talked_to_villager":1,"minecraft:play_time":123763,"minecraft:sneak_time":6127,"minecraft:walk_under_water_one_cm":2436,"minecraft:jump":1802,"minecraft:interact_with_blast_furnace":33,"minecraft:walk_on_water_one_cm":11278,"minecraft:total_world_time":123763,"minecraft:interact_with_furnace":44,"tombstone:raider_killed":2,"minecraft:sleep_in_bed":5,"minecraft:time_since_rest":4947,"minecraft:damage_taken":1428,"minecraft:damage_dealt":3004,"minecraft:swim_one_cm":226,"minecraft:fly_one_cm":285777,"minecraft:open_chest":7,"minecraft:crouch_one_cm":12673,"tombstone:undead_killed":7,"minecraft:fall_one_cm":42550}},"DataVersion":3465}