{"stats":{"minecraft:broken":{"minecraft:stone_pickaxe":2,"minecraft:iron_pickaxe":2},"minecraft:picked_up":{"minecraft:crafting_table":9,"minecraft:feather":2,"minecraft:chicken":2,"minecraft:andesite":128,"mekanism:raw_lead":6,"mekanism:raw_uranium":16,"minecraft:leather":3,"minecraft:wooden_pickaxe":1,"minecraft:flint":3,"minecraft:tuff":263,"minecraft:oak_log":7,"minecraft:string":8,"minecraft:dirt":20,"minecraft:wheat_seeds":1,"minecraft:cobbled_deepslate":250,"minecraft:raw_gold":3,"minecraft:iron_ingot":10,"minecraft:beef":11,"minecraft:stone_pickaxe":1,"minecraft:calcite":2,"dynamictrees:oak_seed":8,"minecraft:furnace":13,"minecraft:stick":10,"minecraft:raw_iron":187,"minecraft:smooth_basalt":3,"minecraft:cooked_porkchop":1,"bygonenether:cobbled_blackstone":4,"patchouli:guide_book":1,"minecraft:torch":8,"minecraft:raw_iron_block":1,"minecraft:gravel":6,"minecraft:porkchop":12,"minecraft:blast_furnace":3,"minecraft:carrot":1,"minecraft:spruce_log":6,"minecraft:redstone":4,"mekanism:raw_osmium":5,"mekanism:raw_tin":3,"minecraft:cooked_cod":5,"minecraft:diamond":10,"evilcraft:dark_gem":8,"create:asurine":5,"mekanism:fluorite_gem":15,"minecraft:gold_ingot":3,"minecraft:cod":11,"minecraft:coal":159,"minecraft:cobblestone":144},"minecraft:killed":{"minecraft:pig":4,"irons_spellbooks:summoned_zombie":3,"minecraft:wandering_trader":1,"minecraft:cod":11,"minecraft:trader_llama":1,"minecraft:zombie":2,"minecraft:chicken":2,"minecraft:cow":3},"minecraft:custom":{"minecraft:interact_with_furnace":49,"minecraft:mob_kills":27,"minecraft:interact_with_crafting_table":31,"minecraft:leave_game":3,"minecraft:time_since_death":104080,"minecraft:time_since_rest":104080,"minecraft:sprint_one_cm":82457,"minecraft:damage_taken":474,"minecraft:walk_one_cm":136385,"minecraft:drop":23,"minecraft:damage_dealt":2607,"minecraft:talked_to_villager":1,"minecraft:swim_one_cm":22288,"minecraft:fly_one_cm":55717,"minecraft:crouch_one_cm":13691,"minecraft:play_time":104080,"tombstone:undead_killed":5,"minecraft:sneak_time":8245,"minecraft:walk_under_water_one_cm":9286,"tombstone:villager_killed":1,"minecraft:jump":712,"minecraft:interact_with_blast_furnace":28,"minecraft:walk_on_water_one_cm":6157,"minecraft:total_world_time":104080,"minecraft:fall_one_cm":8048},"minecraft:dropped":{"minecraft:gravel":6,"minecraft:wheat_seeds":1,"dynamictrees:oak_seed":8,"minecraft:tuff":234,"minecraft:cobblestone":1,"patchouli:guide_book":1,"minecraft:dirt":5,"minecraft:andesite":110,"minecraft:wooden_pickaxe":2,"minecraft:stone_pickaxe":2,"minecraft:redstone":4},"minecraft:mined":{"mekanism:deepslate_lead_ore":5,"minecraft:deepslate_redstone_ore":1,"minecraft:tuff":111,"mekanism:osmium_ore":1,"minecraft:blackstone":4,"minecraft:deepslate_diamond_ore":10,"mekanism:deepslate_osmium_ore":4,"minecraft:crafting_table":9,"minecraft:torch":5,"minecraft:blast_furnace":3,"minecraft:grass_block":6,"minecraft:calcite":2,"mekanism:tin_ore":3,"minecraft:tall_grass":1,"minecraft:cobblestone":2,"minecraft:spruce_leaves":1,"minecraft:wall_torch":3,"minecraft:raw_iron_block":1,"minecraft:furnace":13,"evilcraft:dark_ore_deepslate":2,"minecraft:iron_ore":10,"minecraft:cobbled_deepslate":1,"minecraft:spruce_log":6,"minecraft:andesite":73,"create:asurine":5,"minecraft:grass":5,"minecraft:coal_ore":38,"mekanism:lead_ore":1,"minecraft:deepslate_iron_ore":141,"minecraft:gravel":6,"mekanism:deepslate_fluorite_ore":5,"minecraft:dirt":14,"mekanism:deepslate_uranium_ore":16,"minecraft:smooth_basalt":3,"minecraft:stone":141,"minecraft:deepslate":252},"minecraft:used":{"minecraft:stone_pickaxe":304,"minecraft:wooden_pickaxe":19,"minecraft:iron_sword":27,"mekanismtools:osmium_axe":4,"minecraft:torch":8,"minecraft:dirt":14,"minecraft:crafting_table":10,"minecraft:carrot":2,"minecraft:blast_furnace":2,"minecraft:cod":1,"minecraft:tuff":22,"mekanismtools:osmium_pickaxe":2,"minecraft:iron_pickaxe":531,"create:asurine":5,"minecraft:smooth_basalt":3,"minecraft:stone_axe":49,"minecraft:cobblestone":70,"minecraft:andesite":18,"minecraft:furnace":17,"minecraft:cooked_cod":7,"minecraft:bucket":1,"minecraft:cooked_beef":2,"minecraft:cobbled_deepslate":66},"minecraft:crafted":{"minecraft:cooked_beef":5,"minecraft:cooked_cod":5,"minecraft:oak_planks":28,"minecraft:raw_iron":9,"sophisticatedbackpacks:backpack":1,"minecraft:cooked_porkchop":5,"minecraft:crafting_table":2,"mekanism:ingot_osmium":21,"minecraft:spruce_planks":24,"minecraft:wooden_pickaxe":1,"minecraft:iron_helmet":1,"minecraft:iron_sword":1,"minecraft:furnace":4,"sophisticatedbackpacks:gold_backpack":1,"minecraft:bucket":1,"mekanism:ingot_uranium":12,"minecraft:stone_axe":1,"mekanism:ingot_lead":1,"minecraft:air":0,"mekanismtools:osmium_axe":1,"minecraft:iron_chestplate":1,"minecraft:iron_boots":1,"minecraft:stick":16,"quark:oak_chest":1,"minecraft:iron_ingot":90,"minecraft:iron_pickaxe":3,"minecraft:stone_pickaxe":3,"mekanismtools:osmium_boots":1,"minecraft:gold_ingot":9,"minecraft:iron_leggings":1,"mekanismtools:osmium_helmet":1,"minecraft:torch":4,"mekanismtools:osmium_pickaxe":1,"sophisticatedbackpacks:iron_backpack":1}},"DataVersion":3465}