{"stats":{"minecraft:picked_up":{"minecraft:stick":10,"minecraft:crafting_table":3,"minecraft:feather":2,"minecraft:chicken":2,"minecraft:cooked_porkchop":1,"mekanism:raw_uranium":6,"mekanism:raw_lead":1,"minecraft:andesite":55,"minecraft:leather":3,"minecraft:gravel":3,"minecraft:flint":3,"minecraft:porkchop":12,"minecraft:oak_log":7,"minecraft:spruce_log":6,"mekanism:raw_osmium":2,"minecraft:dirt":19,"minecraft:cooked_cod":5,"minecraft:cobbled_deepslate":56,"mekanism:fluorite_gem":10,"minecraft:beef":11,"dynamictrees:oak_seed":8,"minecraft:coal":69,"minecraft:cod":11,"minecraft:cobblestone":120,"minecraft:furnace":4},"minecraft:custom":{"minecraft:time_since_rest":39676,"minecraft:interact_with_furnace":13,"minecraft:sprint_one_cm":44455,"minecraft:damage_taken":220,"minecraft:walk_one_cm":26242,"minecraft:mob_kills":20,"minecraft:damage_dealt":1110,"minecraft:swim_one_cm":18702,"minecraft:interact_with_crafting_table":5,"minecraft:fly_one_cm":27851,"minecraft:crouch_one_cm":5008,"minecraft:play_time":39676,"minecraft:sneak_time":3891,"minecraft:walk_under_water_one_cm":9148,"minecraft:jump":211,"minecraft:leave_game":1,"minecraft:time_since_death":39676,"minecraft:walk_on_water_one_cm":5975,"minecraft:total_world_time":39676,"minecraft:fall_one_cm":3769},"minecraft:killed":{"minecraft:pig":4,"minecraft:chicken":2,"minecraft:cod":11,"minecraft:cow":3},"minecraft:mined":{"minecraft:furnace":4,"minecraft:spruce_log":6,"minecraft:andesite":55,"mekanism:deepslate_osmium_ore":2,"minecraft:crafting_table":3,"minecraft:grass":1,"minecraft:grass_block":5,"minecraft:coal_ore":37,"mekanism:lead_ore":1,"mekanism:deepslate_fluorite_ore":3,"minecraft:gravel":6,"minecraft:dirt":14,"mekanism:deepslate_uranium_ore":6,"minecraft:cobblestone":1,"minecraft:spruce_leaves":1,"minecraft:stone":119,"minecraft:deepslate":56},"minecraft:crafted":{"minecraft:cooked_beef":5,"minecraft:cooked_cod":5,"minecraft:oak_planks":28,"minecraft:cooked_porkchop":5,"minecraft:crafting_table":1,"minecraft:stick":8,"minecraft:spruce_planks":24,"minecraft:wooden_pickaxe":1,"minecraft:stone_pickaxe":3,"minecraft:furnace":2,"minecraft:torch":4,"minecraft:stone_axe":1,"minecraft:air":0},"minecraft:broken":{"minecraft:stone_pickaxe":2},"minecraft:used":{"minecraft:stone_pickaxe":271,"minecraft:wooden_pickaxe":19,"minecraft:stone_axe":39,"minecraft:dirt":14,"minecraft:cobblestone":10,"minecraft:crafting_table":4,"minecraft:furnace":4,"minecraft:cooked_cod":5,"minecraft:cod":1}},"DataVersion":3465}