{"stats":{"minecraft:picked_up":{"minecraft:crafting_table":17,"minecraft:chicken":2,"mekanism:raw_uranium":1,"born_in_chaos_v1:black_argillite":4,"minecraft:string":10,"minecraft:cobbled_deepslate":552,"minecraft:spruce_planks":2,"minecraft:light_weighted_pressure_plate":1,"minecraft:beef":8,"minecraft:written_book":2,"dynamictrees:oak_seed":2,"minecraft:light_gray_wool":2,"minecraft:egg":2,"minecraft:furnace":13,"minecraft:raw_iron":70,"minecraft:stick":31,"born_in_chaos_v1:shattered_skull":1,"bygonenether:cobbled_blackstone":1,"minecraft:torch":13,"minecraft:porkchop":24,"mekanism:raw_tin":2,"minecraft:dark_oak_planks":2,"minecraft:rotten_flesh":2,"minecraft:mutton":6,"minecraft:white_wool":3,"minecraft:cobblestone":155,"minecraft:birch_log":21,"minecraft:feather":1,"born_in_chaos_v1:monster_flesh":2,"minecraft:andesite":220,"minecraft:leather":10,"minecraft:birch_planks":5,"minecraft:flint":3,"minecraft:tuff":41,"create:raw_zinc":2,"minecraft:gunpowder":2,"minecraft:lapis_lazuli":9,"minecraft:blue_bed":3,"minecraft:dirt":45,"minecraft:white_banner":1,"minecraft:bone":6,"minecraft:stone_bricks":4,"minecraft:wheat_seeds":2,"minecraft:raw_gold":11,"minecraft:stone_pickaxe":1,"minecraft:grindstone":1,"dynamictrees:birch_seed":14,"tombstone:bag_of_seeds":3,"minecraft:iron_sword":2,"minecraft:oak_planks":2,"quark:glass_item_frame":1,"born_in_chaos_v1:ethereal_spirit":1,"minecraft:gravel":18,"born_in_chaos_v1:dark_rod":1,"minecraft:spruce_log":5,"minecraft:dark_oak_log":1,"mekanism:raw_osmium":1,"minecraft:diamond":55,"evilcraft:dark_gem":18,"minecraft:gray_wool":2,"minecraft:coal":44,"minecraft:andesite_slab":3},"minecraft:custom":{"lootr:looted_stat":6,"minecraft:mob_kills":41,"minecraft:interact_with_crafting_table":44,"minecraft:leave_game":1,"minecraft:time_since_death":46238,"minecraft:sprint_one_cm":203676,"minecraft:walk_one_cm":335620,"minecraft:damage_blocked_by_shield":140,"minecraft:drop":96,"minecraft:talked_to_villager":1,"minecraft:play_time":140562,"minecraft:deaths":1,"minecraft:sneak_time":529,"minecraft:jump":1439,"minecraft:walk_on_water_one_cm":932,"minecraft:total_world_time":140562,"minecraft:interact_with_furnace":68,"tombstone:raider_killed":1,"minecraft:interact_with_grindstone":1,"minecraft:sleep_in_bed":2,"minecraft:time_since_rest":46001,"minecraft:damage_taken":1857,"minecraft:damage_dealt":5513,"minecraft:fly_one_cm":208659,"minecraft:crouch_one_cm":1536,"tombstone:undead_killed":5,"minecraft:fall_one_cm":30676},"minecraft:dropped":{"minecraft:enchanted_book":1,"minecraft:iron_ingot":1,"minecraft:iron_sword":3,"minecraft:wheat_seeds":2,"dynamictrees:birch_seed":14,"minecraft:feather":1,"minecraft:iron_helmet":1,"minecraft:cobblestone":20,"minecraft:leather":5,"quark:glass_item_frame":1,"minecraft:stick":4,"minecraft:light_weighted_pressure_plate":1,"bygonenether:cobbled_blackstone":1,"born_in_chaos_v1:monster_flesh":2,"minecraft:dirt":30,"tombstone:bag_of_seeds":3,"minecraft:gray_wool":2,"born_in_chaos_v1:black_argillite":4,"mekanism:raw_uranium":1,"minecraft:wooden_axe":1,"tombstone:grave_dust":1,"minecraft:iron_leggings":1,"mekanism:raw_osmium":1,"minecraft:string":1,"minecraft:white_wool":3,"create:raw_zinc":2,"minecraft:bone":2,"minecraft:gravel":15,"minecraft:furnace":1,"minecraft:stone_axe":1,"dynamictrees:oak_seed":2,"minecraft:cooked_chicken":2,"minecraft:cobbled_deepslate":22,"minecraft:andesite_slab":2,"minecraft:tuff":37,"minecraft:raw_iron":7,"born_in_chaos_v1:ethereal_spirit":1,"minecraft:rotten_flesh":2,"minecraft:light_gray_wool":2,"minecraft:iron_boots":1,"mekanism:raw_tin":2,"minecraft:gunpowder":2,"minecraft:iron_chestplate":1,"minecraft:andesite":111,"minecraft:stone_pickaxe":2,"minecraft:wooden_pickaxe":2,"minecraft:raw_gold":3,"minecraft:written_book":2,"born_in_chaos_v1:dark_rod":1,"minecraft:egg":1},"minecraft:killed_by":{"minecraft:zombie":1},"minecraft:killed":{"minecraft:vindicator":1,"minecraft:spider":7,"minecraft:skeleton":1,"minecraft:chicken":2,"minecraft:pig":13,"minecraft:bat":1,"minecraft:creeper":1,"born_in_chaos_v1:decrepit_skeleton":1,"minecraft:sheep":3,"minecraft:zombie":3,"born_in_chaos_v1:dread_hound":2,"born_in_chaos_v1:dark_vortex":1,"minecraft:cow":5},"minecraft:crafted":{"quark:birch_chest":1,"minecraft:cooked_chicken":2,"minecraft:furnace":2,"minecraft:cooked_mutton":6,"minecraft:diamond_helmet":1,"minecraft:iron_boots":1,"minecraft:diamond_leggings":1,"minecraft:iron_axe":1,"minecraft:stone_pickaxe":3,"minecraft:diamond_boots":1,"minecraft:dark_oak_planks":4,"sophisticatedbackpacks:iron_backpack":1,"minecraft:cooked_beef":7,"simple_weapons:iron_scythe":2,"sophisticatedbackpacks:backpack":1,"minecraft:cooked_porkchop":24,"simple_weapons:diamond_scythe":2,"minecraft:crafting_table":4,"minecraft:spruce_planks":40,"minecraft:wooden_pickaxe":2,"minecraft:iron_helmet":1,"minecraft:iron_sword":1,"sophisticatedbackpacks:gold_backpack":1,"minecraft:birch_planks":84,"minecraft:stone_axe":1,"minecraft:iron_chestplate":1,"minecraft:diamond_pickaxe":1,"minecraft:shield":2,"minecraft:stick":32,"minecraft:iron_ingot":60,"minecraft:iron_pickaxe":3,"minecraft:wooden_axe":1,"minecraft:gold_ingot":8,"minecraft:iron_leggings":1,"minecraft:torch":96,"minecraft:diamond_chestplate":1},"minecraft:mined":{"create:zinc_ore":2,"minecraft:diamond_ore":8,"minecraft:tuff":41,"minecraft:deepslate_diamond_ore":47,"minecraft:grass_block":11,"born_in_chaos_v1:black_argillite":4,"minecraft:large_fern":1,"minecraft:furnace":12,"minecraft:iron_ore":52,"minecraft:cobbled_deepslate":2,"minecraft:andesite":219,"evilcraft:dark_ore":1,"minecraft:deepslate_lapis_ore":1,"minecraft:deepslate_iron_ore":18,"minecraft:white_banner":1,"minecraft:stone":140,"mekanism:osmium_ore":1,"minecraft:blackstone":1,"minecraft:crafting_table":17,"minecraft:torch":6,"minecraft:cobblestone":14,"minecraft:tall_grass":2,"minecraft:deepslate_gold_ore":11,"minecraft:grindstone":1,"minecraft:blue_bed":3,"minecraft:wall_torch":6,"minecraft:birch_planks":1,"evilcraft:dark_ore_deepslate":1,"minecraft:spruce_log":5,"minecraft:grass":4,"mekanism:deepslate_tin_ore":2,"minecraft:coal_ore":44,"minecraft:gravel":21,"minecraft:dirt":32,"minecraft:cobweb":2,"mekanism:deepslate_uranium_ore":1,"minecraft:stone_bricks":4,"minecraft:fern":1,"minecraft:deepslate":539},"minecraft:broken":{"minecraft:stone_pickaxe":2,"minecraft:iron_pickaxe":2},"minecraft:used":{"minecraft:shield":1,"minecraft:iron_sword":78,"minecraft:torch":7,"minecraft:dirt":15,"minecraft:tuff":4,"minecraft:wooden_axe":10,"minecraft:iron_axe":20,"minecraft:stone_bricks":4,"minecraft:written_book":1,"minecraft:furnace":12,"tombstone:gift":3,"minecraft:egg":1,"minecraft:cooked_beef":7,"minecraft:cobbled_deepslate":146,"simple_weapons:iron_scythe":7,"minecraft:cooked_mutton":6,"minecraft:birch_planks":1,"minecraft:stone_pickaxe":379,"minecraft:wooden_pickaxe":26,"minecraft:blue_bed":2,"minecraft:crafting_table":19,"minecraft:diamond_pickaxe":111,"minecraft:iron_pickaxe":687,"minecraft:gravel":3,"minecraft:stone_axe":27,"minecraft:cobblestone":57,"minecraft:cooked_porkchop":7,"minecraft:experience_bottle":1}},"DataVersion":3465}