{"stats":{"minecraft:killed":{"minecraft:pig":4,"minecraft:sheep":3,"minecraft:chicken":2,"minecraft:cow":4},"minecraft:crafted":{"minecraft:cooked_beef":7,"quark:birch_chest":1,"minecraft:cooked_porkchop":7,"minecraft:crafting_table":1,"minecraft:spruce_planks":20,"minecraft:iron_helmet":1,"minecraft:wooden_pickaxe":1,"minecraft:cooked_chicken":2,"minecraft:iron_sword":1,"minecraft:furnace":2,"minecraft:birch_planks":84,"minecraft:stone_axe":1,"minecraft:cooked_mutton":6,"minecraft:iron_boots":1,"minecraft:iron_chestplate":1,"minecraft:shield":1,"minecraft:iron_axe":1,"minecraft:stick":8,"minecraft:iron_ingot":34,"minecraft:iron_pickaxe":1,"minecraft:stone_pickaxe":1,"minecraft:wooden_axe":1,"minecraft:diamond_boots":1,"minecraft:iron_leggings":1,"minecraft:torch":92,"minecraft:diamond_chestplate":1},"minecraft:mined":{"minecraft:diamond_ore":8,"minecraft:tuff":11,"mekanism:osmium_ore":1,"minecraft:deepslate_diamond_ore":4,"minecraft:crafting_table":6,"minecraft:torch":3,"minecraft:grass_block":3,"born_in_chaos_v1:black_argillite":4,"minecraft:grindstone":1,"minecraft:blue_bed":2,"minecraft:wall_torch":3,"minecraft:large_fern":1,"minecraft:birch_planks":1,"minecraft:furnace":4,"minecraft:iron_ore":39,"minecraft:andesite":41,"minecraft:grass":2,"minecraft:coal_ore":44,"minecraft:deepslate_iron_ore":3,"minecraft:gravel":8,"minecraft:dirt":8,"minecraft:stone":88,"minecraft:deepslate":13,"minecraft:fern":1,"create:zinc_ore":2},"minecraft:custom":{"lootr:looted_stat":1,"minecraft:interact_with_furnace":38,"minecraft:mob_kills":13,"minecraft:interact_with_crafting_table":21,"minecraft:interact_with_grindstone":1,"minecraft:time_since_death":35095,"minecraft:sleep_in_bed":1,"minecraft:time_since_rest":22074,"minecraft:sprint_one_cm":36648,"minecraft:damage_taken":60,"minecraft:walk_one_cm":77892,"minecraft:damage_blocked_by_shield":140,"minecraft:drop":27,"minecraft:damage_dealt":1130,"minecraft:talked_to_villager":1,"minecraft:fly_one_cm":37033,"minecraft:crouch_one_cm":162,"minecraft:play_time":35095,"minecraft:sneak_time":85,"minecraft:jump":250,"minecraft:walk_on_water_one_cm":232,"minecraft:total_world_time":35095,"minecraft:fall_one_cm":5269},"minecraft:used":{"minecraft:birch_planks":1,"minecraft:stone_pickaxe":136,"minecraft:shield":1,"minecraft:wooden_pickaxe":22,"minecraft:blue_bed":1,"minecraft:dirt":7,"minecraft:crafting_table":6,"minecraft:wooden_axe":10,"minecraft:iron_axe":3,"minecraft:iron_pickaxe":117,"minecraft:stone_axe":27,"minecraft:furnace":4,"minecraft:cooked_porkchop":2},"minecraft:broken":{"minecraft:stone_pickaxe":1},"minecraft:dropped":{"minecraft:gravel":8,"minecraft:iron_ingot":1,"minecraft:stone_axe":1,"minecraft:wheat_seeds":1,"dynamictrees:birch_seed":14,"minecraft:raw_iron":5,"minecraft:feather":1,"minecraft:cobblestone":1,"minecraft:light_gray_wool":2,"minecraft:leather":5,"minecraft:dirt":6,"minecraft:gray_wool":2,"born_in_chaos_v1:black_argillite":2,"minecraft:andesite":17,"minecraft:wooden_axe":1,"mekanism:raw_osmium":1,"minecraft:wooden_pickaxe":1,"minecraft:white_wool":3,"create:raw_zinc":2,"minecraft:egg":1},"minecraft:picked_up":{"minecraft:birch_log":21,"minecraft:crafting_table":6,"minecraft:feather":1,"minecraft:chicken":2,"minecraft:andesite":41,"minecraft:leather":10,"minecraft:birch_planks":1,"minecraft:tuff":11,"create:raw_zinc":2,"born_in_chaos_v1:black_argillite":4,"minecraft:dirt":13,"minecraft:blue_bed":2,"minecraft:wheat_seeds":1,"minecraft:cobbled_deepslate":13,"minecraft:beef":7,"minecraft:grindstone":1,"dynamictrees:birch_seed":14,"minecraft:light_gray_wool":2,"minecraft:egg":1,"minecraft:furnace":4,"minecraft:stick":31,"minecraft:raw_iron":42,"minecraft:torch":6,"minecraft:gravel":8,"minecraft:porkchop":7,"mekanism:raw_osmium":1,"minecraft:diamond":12,"minecraft:gray_wool":2,"minecraft:mutton":6,"minecraft:coal":44,"minecraft:white_wool":3,"minecraft:cobblestone":89}},"DataVersion":3465}