{"stats":{"minecraft:picked_up":{"minecraft:crafting_table":6,"mekanism:raw_uranium":1,"minecraft:stone_slab":1,"born_in_chaos_v1:black_argillite":2,"minecraft:string":10,"minecraft:raw_copper":5,"epicsamurai:jade":5,"minecraft:cobbled_deepslate":102,"minecraft:light_weighted_pressure_plate":2,"minecraft:beef":9,"minecraft:written_book":1,"dynamictrees:oak_seed":6,"minecraft:iron_nugget":24,"irons_spellbooks:inscription_table":1,"minecraft:egg":2,"minecraft:furnace":3,"minecraft:stick":11,"minecraft:raw_iron":76,"born_in_chaos_v1:pieceofdarkmetal":2,"minecraft:redstone":5,"mekanism:raw_tin":33,"minecraft:arrow":2,"minecraft:rotten_flesh":12,"supplementaries:ash":7,"minecraft:mutton":5,"minecraft:cobblestone":31,"minecraft:bone_block":11,"minecraft:white_wool":3,"born_in_chaos_v1:fused_bone":2,"mekanism:raw_lead":8,"born_in_chaos_v1:monster_flesh":2,"minecraft:andesite":39,"minecraft:leather":5,"paraglider:spirit_orb":4,"minecraft:tuff":3,"minecraft:oak_log":6,"evilcraft:flesh_humanoid":2,"minecraft:gunpowder":1,"minecraft:lapis_lazuli":16,"minecraft:dirt":58,"minecraft:bone":9,"minecraft:kelp":22,"minecraft:raw_gold":17,"minecraft:stone_pickaxe":3,"minecraft:cooked_chicken":2,"tombstone:bag_of_seeds":3,"epicsamurai:raw_silver":7,"minecraft:book":6,"epicsamurai:onyx":6,"born_in_chaos_v1:ethereal_spirit":1,"quark:dark_oak_ladder":1,"born_in_chaos_v1:dark_rod":1,"minecraft:white_bed":1,"mekanism:raw_osmium":16,"minecraft:dark_oak_log":3,"minecraft:spider_eye":3,"minecraft:diamond":9,"minecraft:iron_helmet":1,"evilcraft:dark_gem":33,"mekanism:fluorite_gem":18,"minecraft:emerald":8,"minecraft:coal":85,"minecraft:black_wool":1,"minecraft:andesite_slab":5},"minecraft:dropped":{"evilcraft:dark_gem":4,"minecraft:light_weighted_pressure_plate":3,"born_in_chaos_v1:monster_flesh":1,"tombstone:bag_of_seeds":3,"minecraft:dark_oak_log":1,"born_in_chaos_v1:black_argillite":2,"minecraft:golden_hoe":1,"minecraft:dark_oak_planks":2,"minecraft:bone":1,"minecraft:cobbled_deepslate":1,"minecraft:andesite_slab":5,"born_in_chaos_v1:ethereal_spirit":1,"minecraft:rotten_flesh":1,"minecraft:oak_planks":2,"evilcraft:flesh_humanoid":2,"quark:dark_oak_ladder":1,"minecraft:andesite":13,"minecraft:wooden_pickaxe":1,"minecraft:stone_pickaxe":2,"minecraft:written_book":1,"minecraft:black_wool":1},"minecraft:custom":{"lootr:looted_stat":6,"minecraft:mob_kills":33,"minecraft:interact_with_crafting_table":14,"minecraft:open_barrel":2,"minecraft:leave_game":3,"minecraft:time_since_death":6786,"minecraft:climb_one_cm":2846,"minecraft:sprint_one_cm":230765,"minecraft:walk_one_cm":182138,"minecraft:damage_blocked_by_shield":360,"minecraft:drop":30,"minecraft:play_time":100272,"minecraft:deaths":7,"minecraft:sneak_time":5247,"minecraft:walk_under_water_one_cm":4212,"minecraft:jump":1205,"minecraft:walk_on_water_one_cm":7172,"minecraft:total_world_time":100272,"minecraft:interact_with_furnace":14,"tombstone:raider_killed":1,"minecraft:sleep_in_bed":2,"minecraft:time_since_rest":4387,"minecraft:damage_taken":3379,"minecraft:damage_dealt":6077,"minecraft:swim_one_cm":17375,"minecraft:fly_one_cm":246811,"minecraft:crouch_one_cm":13951,"tombstone:undead_killed":13,"minecraft:fall_one_cm":21263},"minecraft:killed_by":{"minecraft:creeper":2,"minecraft:pillager":2,"born_in_chaos_v1:dark_vortex":1},"minecraft:killed":{"minecraft:cave_spider":2,"minecraft:spider":4,"born_in_chaos_v1:siamese_skeletonsright":1,"born_in_chaos_v1:maggot":3,"minecraft:skeleton":1,"minecraft:creeper":1,"minecraft:sheep":4,"minecraft:pillager":1,"minecraft:zombie":10,"born_in_chaos_v1:siamese_skeletonsleft":1,"minecraft:cow":4},"minecraft:crafted":{"minecraft:oak_planks":24,"minecraft:furnace":1,"minecraft:cooked_mutton":5,"minecraft:stone_pickaxe":2,"minecraft:dark_oak_planks":8,"sophisticatedbackpacks:iron_backpack":1,"minecraft:cooked_beef":9,"sophisticatedbackpacks:backpack":1,"minecraft:crafting_table":1,"minecraft:wooden_pickaxe":1,"minecraft:iron_sword":1,"minecraft:stone_axe":1,"minecraft:air":0,"minecraft:shield":1,"minecraft:stick":8,"quark:oak_chest":1,"minecraft:iron_ingot":15,"minecraft:iron_pickaxe":1,"minecraft:stone_sword":1,"minecraft:white_bed":1},"minecraft:mined":{"minecraft:tuff":2,"minecraft:white_bed":1,"minecraft:deepslate_diamond_ore":9,"minecraft:dark_oak_log":3,"minecraft:glow_lichen":1,"epicsamurai:silver_ore":7,"minecraft:grass_block":5,"minecraft:kelp":2,"minecraft:spawner":2,"epicsamurai:onyx_ore":6,"minecraft:tall_seagrass":1,"epicsamurai:deepslate_jade_ore":2,"minecraft:furnace":3,"minecraft:iron_ore":30,"minecraft:cobbled_deepslate":4,"minecraft:andesite":32,"evilcraft:dark_ore":4,"minecraft:deepslate_lapis_ore":2,"minecraft:bookshelf":2,"minecraft:deepslate_iron_ore":37,"irons_spellbooks:inscription_table":1,"minecraft:stone":26,"mekanism:deepslate_lead_ore":3,"minecraft:deepslate_redstone_ore":1,"epicsamurai:jade_ore":3,"mekanism:osmium_ore":16,"minecraft:kelp_plant":10,"quark:dark_oak_ladder":1,"minecraft:crafting_table":6,"mekanism:tin_ore":26,"minecraft:andesite_slab":2,"minecraft:deepslate_gold_ore":9,"supplementaries:urn":8,"mekanism:fluorite_ore":3,"evilcraft:dark_ore_deepslate":4,"mekanism:deepslate_tin_ore":7,"minecraft:coal_ore":26,"mekanism:lead_ore":5,"mekanism:deepslate_fluorite_ore":3,"minecraft:dirt":25,"minecraft:cobweb":4,"minecraft:gold_ore":1,"minecraft:deepslate":80},"minecraft:used":{"minecraft:stone_sword":41,"minecraft:shield":17,"minecraft:iron_sword":112,"minecraft:cooked_chicken":2,"minecraft:dirt":29,"minecraft:golden_chestplate":1,"evilcraft:flesh_humanoid":1,"minecraft:written_book":2,"minecraft:furnace":3,"tombstone:gift":3,"minecraft:cooked_beef":9,"minecraft:cobbled_deepslate":21,"minecraft:cooked_mutton":5,"minecraft:stone_pickaxe":108,"minecraft:wooden_pickaxe":15,"minecraft:crafting_table":6,"minecraft:white_bed":1,"minecraft:iron_pickaxe":248,"minecraft:stone_axe":15,"minecraft:andesite":17,"minecraft:cobweb":1}},"DataVersion":3465}