{"stats":{"minecraft:picked_up":{"minecraft:crafting_table":1,"minecraft:spruce_log":3,"minecraft:dirt":15,"minecraft:spruce_wood":5,"minecraft:sugar_cane":7,"irons_spellbooks:inscription_table":1,"minecraft:cobblestone":31},"minecraft:used":{"minecraft:stone_sword":3,"minecraft:stone_pickaxe":28,"minecraft:wooden_pickaxe":18,"minecraft:stone_axe":6,"minecraft:cobblestone":1,"minecraft:crafting_table":1,"tombstone:gift":1},"minecraft:mined":{"minecraft:spruce_log":4,"minecraft:mangrove_leaves":1,"minecraft:crafting_table":1,"minecraft:grass_block":2,"minecraft:dirt":13,"minecraft:cobblestone":1,"minecraft:spruce_wood":5,"irons_spellbooks:inscription_table":1,"minecraft:stone":30,"minecraft:sugar_cane":3},"minecraft:crafted":{"minecraft:crafting_table":1,"minecraft:spruce_planks":20,"minecraft:stick":8,"minecraft:wooden_pickaxe":1,"minecraft:stone_pickaxe":1,"minecraft:stone_sword":1,"minecraft:stone_axe":1},"minecraft:killed_by":{"born_in_chaos_v1:dread_hound":1},"minecraft:custom":{"minecraft:time_since_rest":4395,"minecraft:sprint_one_cm":41819,"minecraft:damage_taken":330,"minecraft:walk_one_cm":55071,"minecraft:damage_dealt":174,"minecraft:swim_one_cm":2388,"minecraft:interact_with_crafting_table":3,"minecraft:fly_one_cm":33882,"minecraft:open_chest":2,"minecraft:crouch_one_cm":2810,"minecraft:play_time":18634,"minecraft:deaths":1,"minecraft:sneak_time":1380,"minecraft:walk_under_water_one_cm":2135,"minecraft:jump":218,"minecraft:leave_game":1,"minecraft:walk_on_water_one_cm":12305,"minecraft:time_since_death":7638,"minecraft:sleep_in_bed":1,"minecraft:climb_one_cm":1049,"minecraft:total_world_time":18634,"minecraft:fall_one_cm":3736}},"DataVersion":3465}