{"stats":{"minecraft:broken":{"minecraft:stone_pickaxe":1,"minecraft:iron_pickaxe":1,"minecraft:golden_chestplate":1},"minecraft:killed_by":{"minecraft:creeper":2,"minecraft:spider":1,"minecraft:pillager":2,"born_in_chaos_v1:zombie_lumberjack":1,"minecraft:enderman":1,"born_in_chaos_v1:dark_vortex":1,"minecraft:zombie":3},"minecraft:picked_up":{"minecraft:crafting_table":8,"mekanism:raw_uranium":1,"minecraft:stone_slab":1,"born_in_chaos_v1:black_argillite":2,"minecraft:string":10,"minecraft:raw_copper":5,"epicsamurai:jade":5,"minecraft:cobbled_deepslate":209,"minecraft:light_weighted_pressure_plate":2,"minecraft:beef":9,"minecraft:written_book":1,"dynamictrees:oak_seed":6,"minecraft:iron_nugget":24,"minecraft:furnace":5,"irons_spellbooks:inscription_table":1,"minecraft:egg":2,"minecraft:stick":11,"minecraft:raw_iron":103,"minecraft:porkchop":3,"tombstone:grave_dust":2,"born_in_chaos_v1:pieceofdarkmetal":2,"minecraft:redstone":13,"mekanism:raw_tin":33,"minecraft:arrow":4,"minecraft:rotten_flesh":14,"create:asurine":5,"supplementaries:ash":7,"minecraft:mutton":5,"minecraft:bone_block":11,"minecraft:white_wool":3,"minecraft:cobblestone":48,"born_in_chaos_v1:fused_bone":2,"mekanism:raw_lead":10,"born_in_chaos_v1:monster_flesh":2,"minecraft:andesite":62,"minecraft:leather":5,"paraglider:spirit_orb":4,"minecraft:tuff":44,"create:raw_zinc":1,"minecraft:oak_log":6,"evilcraft:flesh_humanoid":2,"minecraft:gunpowder":1,"minecraft:lapis_lazuli":16,"minecraft:dirt":67,"minecraft:bone":12,"minecraft:kelp":22,"minecraft:raw_gold":17,"minecraft:iron_ingot":9,"minecraft:stone_pickaxe":3,"minecraft:cooked_chicken":2,"tombstone:bag_of_seeds":3,"epicsamurai:raw_silver":7,"minecraft:book":6,"epicsamurai:onyx":6,"born_in_chaos_v1:ethereal_spirit":1,"minecraft:raw_iron_block":1,"quark:dark_oak_ladder":1,"born_in_chaos_v1:dark_rod":1,"minecraft:white_bed":1,"minecraft:dark_oak_log":3,"mekanism:raw_osmium":16,"minecraft:spider_eye":3,"mekanismtools:refined_glowstone_shovel":1,"minecraft:diamond":9,"minecraft:iron_helmet":1,"evilcraft:dark_gem":33,"mekanism:fluorite_gem":22,"minecraft:emerald":8,"minecraft:black_wool":1,"minecraft:coal":125,"minecraft:andesite_slab":5},"minecraft:killed":{"minecraft:cave_spider":2,"minecraft:spider":4,"born_in_chaos_v1:siamese_skeletonsright":1,"born_in_chaos_v1:maggot":3,"minecraft:skeleton":2,"minecraft:pig":1,"minecraft:creeper":1,"minecraft:sheep":4,"minecraft:pillager":1,"minecraft:zombie":12,"born_in_chaos_v1:siamese_skeletonsleft":1,"minecraft:cow":4},"minecraft:custom":{"lootr:looted_stat":6,"minecraft:mob_kills":37,"minecraft:interact_with_crafting_table":27,"minecraft:open_barrel":2,"minecraft:leave_game":8,"minecraft:time_since_death":0,"minecraft:climb_one_cm":4670,"minecraft:sprint_one_cm":326224,"minecraft:walk_one_cm":266363,"minecraft:damage_blocked_by_shield":940,"minecraft:drop":34,"minecraft:play_time":185595,"minecraft:deaths":13,"minecraft:sneak_time":7376,"minecraft:walk_under_water_one_cm":5239,"minecraft:jump":1990,"minecraft:interact_with_blast_furnace":21,"minecraft:walk_on_water_one_cm":7962,"minecraft:total_world_time":185595,"minecraft:interact_with_furnace":27,"tombstone:raider_killed":1,"minecraft:sleep_in_bed":2,"minecraft:time_since_rest":3911,"minecraft:damage_taken":4954,"minecraft:damage_dealt":7010,"minecraft:swim_one_cm":22346,"minecraft:fly_one_cm":372771,"minecraft:crouch_one_cm":18206,"tombstone:undead_killed":16,"minecraft:fall_one_cm":28594},"minecraft:dropped":{"minecraft:iron_ingot":18,"evilcraft:dark_gem":4,"minecraft:light_weighted_pressure_plate":3,"born_in_chaos_v1:monster_flesh":1,"tombstone:bag_of_seeds":3,"minecraft:dark_oak_log":1,"born_in_chaos_v1:black_argillite":2,"minecraft:golden_hoe":1,"minecraft:string":8,"minecraft:dark_oak_planks":2,"minecraft:bone":1,"minecraft:cobbled_deepslate":1,"minecraft:andesite_slab":5,"born_in_chaos_v1:ethereal_spirit":1,"minecraft:raw_iron":35,"minecraft:rotten_flesh":1,"minecraft:oak_planks":2,"evilcraft:flesh_humanoid":2,"quark:dark_oak_ladder":1,"minecraft:andesite":13,"minecraft:wooden_pickaxe":1,"minecraft:stone_pickaxe":2,"minecraft:written_book":1,"minecraft:black_wool":1},"minecraft:mined":{"create:zinc_ore":1,"minecraft:tuff":44,"minecraft:white_bed":1,"minecraft:mossy_cobblestone":1,"minecraft:deepslate_diamond_ore":9,"minecraft:dark_oak_log":3,"minecraft:glow_lichen":1,"epicsamurai:silver_ore":7,"minecraft:grass_block":7,"minecraft:kelp":2,"minecraft:spawner":2,"epicsamurai:onyx_ore":6,"minecraft:tall_seagrass":1,"epicsamurai:deepslate_jade_ore":2,"minecraft:raw_iron_block":1,"minecraft:furnace":5,"minecraft:iron_ore":30,"minecraft:cobbled_deepslate":4,"minecraft:andesite":56,"evilcraft:dark_ore":4,"minecraft:deepslate_lapis_ore":2,"create:asurine":5,"minecraft:bookshelf":2,"minecraft:deepslate_iron_ore":65,"irons_spellbooks:inscription_table":1,"minecraft:stone":43,"mekanism:deepslate_lead_ore":4,"minecraft:deepslate_redstone_ore":2,"epicsamurai:jade_ore":3,"mekanism:osmium_ore":16,"minecraft:kelp_plant":10,"quark:dark_oak_ladder":1,"minecraft:crafting_table":8,"mekanism:tin_ore":26,"minecraft:andesite_slab":2,"minecraft:deepslate_gold_ore":9,"supplementaries:urn":8,"mekanism:fluorite_ore":3,"evilcraft:dark_ore_deepslate":4,"mekanism:deepslate_tin_ore":7,"minecraft:coal_ore":31,"mekanism:lead_ore":6,"mekanism:deepslate_fluorite_ore":4,"minecraft:dirt":32,"minecraft:cobweb":4,"minecraft:gold_ore":1,"minecraft:deepslate":187},"minecraft:used":{"minecraft:stone_sword":41,"minecraft:shield":36,"minecraft:iron_sword":127,"minecraft:cooked_chicken":2,"minecraft:dirt":37,"minecraft:golden_chestplate":1,"minecraft:tuff":29,"evilcraft:flesh_humanoid":1,"minecraft:written_book":2,"minecraft:furnace":5,"tombstone:gift":3,"minecraft:cooked_beef":9,"minecraft:cobbled_deepslate":80,"minecraft:cooked_mutton":5,"minecraft:stone_pickaxe":225,"minecraft:wooden_pickaxe":15,"minecraft:crafting_table":8,"minecraft:blast_furnace":1,"minecraft:white_bed":1,"minecraft:iron_pickaxe":376,"minecraft:stone_axe":17,"minecraft:cooked_porkchop":2,"minecraft:andesite":40,"minecraft:cobweb":1},"minecraft:crafted":{"epicsamurai:iron_samurai_chestplate_master":1,"minecraft:oak_planks":24,"minecraft:smooth_stone":3,"epicsamurai:iron_samurai_helmet_master":1,"minecraft:furnace":2,"minecraft:blast_furnace":1,"minecraft:stone":3,"minecraft:cooked_mutton":5,"magistuarmory:steel_ingot":14,"minecraft:stone_pickaxe":2,"minecraft:dark_oak_planks":8,"sophisticatedbackpacks:iron_backpack":1,"minecraft:cooked_beef":9,"epicsamurai:iron_samurai_leggings_master":1,"sophisticatedbackpacks:backpack":1,"minecraft:cooked_porkchop":0,"minecraft:crafting_table":1,"minecraft:wooden_pickaxe":1,"minecraft:iron_sword":1,"minecraft:stone_axe":1,"epicsamurai:iron_samurai_boots_master":1,"minecraft:air":0,"minecraft:shield":1,"minecraft:stick":8,"quark:oak_chest":1,"minecraft:iron_ingot":67,"minecraft:iron_pickaxe":2,"minecraft:stone_sword":1,"minecraft:white_bed":1}},"DataVersion":3465}