{"stats":{"minecraft:used":{"minecraft:moss_block":3,"minecraft:stone_sword":77,"minecraft:iron_sword":40,"minecraft:torch":2,"paraglider:goddess_statue":2,"epicsamurai:iron_samurai_helmet_master":1,"epicsamurai:iron_samurai_chestplate_master":1,"quark:spruce_chest":2,"minecraft:iron_axe":31,"minecraft:furnace":5,"tombstone:gift":2,"minecraft:cooked_beef":4,"epicsamurai:iron_samurai_leggings_master":1,"minecraft:stone_pickaxe":120,"minecraft:wooden_pickaxe":3,"minecraft:red_bed":1,"minecraft:crafting_table":13,"epicsamurai:iron_samurai_boots_master":1,"minecraft:bread":37,"minecraft:iron_pickaxe":284,"minecraft:stone_axe":20,"epicsamurai:katana":59,"minecraft:cobblestone":44},"minecraft:mined":{"thermal:deepslate_tin_ore":6,"create:zinc_ore":7,"create:deepslate_zinc_ore":10,"minecraft:tuff":1,"minecraft:deepslate_diamond_ore":4,"thermal:tin_ore":3,"minecraft:cave_vines_plant":1,"epicsamurai:silver_ore":3,"epicsamurai:deepslate_ruby_ore":10,"minecraft:grass_block":6,"minecraft:decorated_pot":1,"minecraft:coal_block":2,"minecraft:spruce_leaves":1,"minecraft:moss_block":13,"minecraft:spawner":6,"minecraft:raw_iron_block":2,"epicsamurai:deepslate_jade_ore":6,"minecraft:furnace":3,"minecraft:iron_ore":45,"minecraft:moss_carpet":1,"evilcraft:dark_ore":3,"minecraft:cave_vines":4,"minecraft:deepslate_iron_ore":10,"minecraft:iron_bars":6,"epicsamurai:deepslate_silver_ore":4,"minecraft:azalea":1,"minecraft:stone":97,"minecraft:white_wool":2,"minecraft:deepslate_redstone_ore":2,"minecraft:flowering_azalea":3,"minecraft:red_bed":2,"epicsamurai:deepslate_aquamarine_ore":10,"minecraft:clay":2,"minecraft:crafting_table":11,"minecraft:mushroom_stem":2,"minecraft:tall_grass":6,"minecraft:cobblestone":8,"thermal:deepslate_lead_ore":11,"minecraft:deepslate_gold_ore":18,"minecraft:wall_torch":1,"supplementaries:urn":1,"evilcraft:dark_ore_deepslate":1,"minecraft:birch_log":26,"epicsamurai:aquamarine_ore":5,"minecraft:spruce_log":14,"minecraft:birch_leaves":10,"minecraft:grass":9,"thermal:niter_ore":2,"thermal:silver_ore":8,"minecraft:coal_ore":31,"minecraft:dirt":4,"minecraft:cobweb":11,"thermal:nickel_ore":4,"thermal:deepslate_niter_ore":4,"minecraft:raw_copper_block":2,"minecraft:gold_ore":4,"minecraft:oak_leaves":1,"minecraft:deepslate":16,"paraglider:goddess_statue":2},"minecraft:killed":{"minecraft:cave_spider":5,"born_in_chaos_v1:zombie_lumberjack":1,"minecraft:spider":2,"born_in_chaos_v1:zombie_bruiser":1,"born_in_chaos_v1:maggot":5,"minecraft:skeleton":4,"minecraft:chicken":1,"born_in_chaos_v1:diamond_termite":1,"born_in_chaos_v1:baby_skeleton":1,"born_in_chaos_v1:decrepit_skeleton":2,"minecraft:sheep":1,"minecraft:pillager":1,"minecraft:zombie":14,"born_in_chaos_v1:dread_hound":2,"minecraft:glow_squid":1,"minecraft:cow":4},"minecraft:dropped":{"minecraft:enchanted_book":1,"minecraft:iron_ingot":14,"minecraft:iron_sword":1,"minecraft:moss_block":2,"born_in_chaos_v1:shattered_skull":1,"minecraft:birch_planks":1,"minecraft:wheat_seeds":5,"minecraft:crafting_table":2,"minecraft:cobblestone":5,"epicsamurai:iron_samurai_boots_master":1,"epicsamurai:iron_samurai_helmet_master":1,"minecraft:tropical_fish":10,"minecraft:yellow_carpet":2,"minecraft:leather_helmet":1,"minecraft:stick":17,"minecraft:dirt":6,"born_in_chaos_v1:gnawed_bones":1,"minecraft:raw_copper_block":2,"minecraft:milk_bucket":1,"tombstone:magic_scroll":2,"minecraft:mutton":1,"tombstone:grave_dust":1,"epicsamurai:iron_samurai_leggings_master":1,"minecraft:gold_nugget":12,"minecraft:flowering_azalea":5,"minecraft:white_wool":1,"minecraft:furnace":1,"minecraft:stone_axe":1,"minecraft:moss_carpet":2,"minecraft:stone_sword":1,"minecraft:cobbled_deepslate":9,"minecraft:tuff":1,"minecraft:raw_iron":7,"epicsamurai:katana":1,"minecraft:rotten_flesh":15,"minecraft:clay_ball":4,"minecraft:spruce_planks":6,"epicsamurai:iron_samurai_chestplate_master":1,"minecraft:azalea":1,"minecraft:spider_eye":1,"minecraft:iron_bars":2,"minecraft:arrow":1,"minecraft:wooden_pickaxe":1,"minecraft:stone_pickaxe":3,"minecraft:raw_gold":2},"minecraft:broken":{"minecraft:iron_pickaxe":1},"minecraft:killed_by":{"minecraft:piglin_brute":1,"quark:forgotten":2,"thermal:basalz":1,"minecraft:zombie":2},"minecraft:crafted":{"epicsamurai:iron_samurai_chestplate_master":2,"epicsamurai:katana":2,"minecraft:coal":18,"epicsamurai:iron_samurai_helmet_master":2,"minecraft:furnace":2,"minecraft:leather":4,"minecraft:iron_axe":1,"magistuarmory:steel_ingot":12,"minecraft:stone_pickaxe":2,"quark:spruce_chest":2,"sophisticatedbackpacks:iron_backpack":1,"minecraft:cooked_beef":10,"epicsamurai:iron_samurai_leggings_master":2,"epicsamurai:katana_handle":2,"sophisticatedbackpacks:backpack":1,"minecraft:crafting_table":2,"minecraft:spruce_planks":36,"minecraft:wooden_pickaxe":1,"minecraft:iron_sword":1,"sophisticatedbackpacks:gold_backpack":1,"minecraft:birch_planks":20,"minecraft:stone_axe":1,"epicsamurai:iron_samurai_boots_master":2,"minecraft:air":0,"minecraft:diamond_pickaxe":1,"minecraft:gold_nugget":18,"minecraft:stick":40,"quark:oak_chest":1,"minecraft:iron_ingot":71,"minecraft:iron_pickaxe":2,"minecraft:iron_block":2,"minecraft:stone_sword":1,"minecraft:gold_ingot":20},"minecraft:picked_up":{"minecraft:wheat":1,"minecraft:crafting_table":13,"minecraft:iron_chestplate":1,"minecraft:chicken":1,"minecraft:clay_ball":4,"thermal:raw_silver":8,"minecraft:lead":1,"paraglider:goddess_statue":2,"minecraft:string":15,"minecraft:red_bed":2,"minecraft:moss_carpet":2,"thermal:raw_nickel":4,"epicsamurai:jade":6,"minecraft:gold_nugget":6,"minecraft:cobbled_deepslate":9,"minecraft:bucket":1,"minecraft:beef":10,"born_in_chaos_v1:gnawed_bones":1,"thermal:niter":26,"minecraft:azalea":1,"minecraft:iron_nugget":7,"minecraft:coal_block":2,"minecraft:birch_sapling":1,"minecraft:furnace":4,"minecraft:raw_copper_block":2,"minecraft:egg":1,"minecraft:stick":8,"minecraft:raw_iron":52,"born_in_chaos_v1:shattered_skull":1,"minecraft:bowl":1,"minecraft:torch":12,"thermal:raw_lead":11,"minecraft:stone_sword":1,"minecraft:arrow":1,"minecraft:rotten_flesh":17,"magistuarmory:steel_ingot":25,"minecraft:tropical_fish":10,"minecraft:gold_ingot":3,"evilcraft:condensed_blood":2,"minecraft:mutton":3,"minecraft:iron_bars":6,"minecraft:white_wool":3,"minecraft:cobblestone":77,"minecraft:birch_log":26,"born_in_chaos_v1:corpse_maggot":1,"minecraft:feather":1,"minecraft:leather":4,"paraglider:spirit_orb":10,"minecraft:tuff":1,"create:raw_zinc":16,"minecraft:dirt":6,"born_in_chaos_v1:monster_skin":2,"minecraft:bone":7,"minecraft:bow":1,"minecraft:wheat_seeds":4,"minecraft:raw_gold":20,"minecraft:iron_ingot":19,"minecraft:stone_pickaxe":1,"epicsamurai:iron_samurai_chestplate_master":1,"epicsamurai:aquamarine":15,"minecraft:moss_block":6,"epicsamurai:raw_silver":7,"minecraft:flowering_azalea":5,"thermal:raw_tin":9,"minecraft:music_disc_13":1,"minecraft:raw_iron_block":2,"minecraft:spruce_log":14,"minecraft:spider_eye":3,"minecraft:leather_helmet":1,"minecraft:iron_hoe":1,"minecraft:yellow_carpet":2,"minecraft:diamond":4,"minecraft:light_blue_carpet":2,"evilcraft:dark_gem":17,"minecraft:gray_wool":1,"minecraft:bread":17,"tombstone:magic_scroll":3,"epicsamurai:ruby":10,"minecraft:coal":105},"minecraft:custom":{"minecraft:interact_with_anvil":1,"minecraft:mob_kills":48,"minecraft:interact_with_crafting_table":40,"minecraft:open_barrel":5,"minecraft:leave_game":4,"minecraft:time_since_death":22657,"minecraft:climb_one_cm":1157,"minecraft:walk_one_cm":334277,"minecraft:sprint_one_cm":467625,"minecraft:drop":71,"minecraft:play_time":163356,"minecraft:sneak_time":5832,"minecraft:deaths":7,"minecraft:walk_under_water_one_cm":5845,"minecraft:jump":2529,"minecraft:interact_with_blast_furnace":25,"minecraft:walk_on_water_one_cm":16314,"minecraft:total_world_time":163356,"minecraft:interact_with_furnace":43,"tombstone:raider_killed":1,"minecraft:sleep_in_bed":5,"minecraft:time_since_rest":22145,"minecraft:damage_taken":3477,"minecraft:damage_dealt":8564,"minecraft:swim_one_cm":550,"minecraft:fly_one_cm":412529,"minecraft:open_chest":31,"minecraft:crouch_one_cm":16546,"tombstone:undead_killed":23,"minecraft:fall_one_cm":48152}},"DataVersion":3465}